﻿Designator,Footprint,Quantity,Value,LCSC Part #
"C1, C6, C7",0402,3,10uF 0402,
"C10, C11, C12, C13",0402,4,0402 0.22uF,
"C101, C104, C107, C110, C16, C2, C3, C8, C9",0402,9,0402 0.1uF,
"C102, C105, C108, C111, C14, C17",0402,6,0402 1uF,
"C103, C106, C109, C112, C15, C18",0402,6,0402 10uF,
"C4, C5",0402,2,0.1uF 0402,
"DIY-305-1, DIY-305-2, DIY-305-3, DIY-305-4, DIY-305-5, DIY-305-6, DIY-305-7, DIY-305-8",DIP-14_W7.62mm_Socket,8,Dip-14 Socket,
"H1, H2, H3, H4",MountingHole_2.2mm_M2,4,DIY-305-ountingHole,
"IC1, IC2, IC3, IC4",QFN-24-1EP_4x4mm_P0.5mm_EP2.6x2.6mm_ThermalVias,4,IS31FL3730-QFLS2-TR,
J1,USB_C_Receptacle_HRO_TYPE-C-31-M-12,1,HRO_TYPE-C-31-M-12,
J2,PinHeader_2x03_P2.54mm_Vertical,1,AVR-ISP-6,
L1,L_Sunlord_SWPA3015S,1,SPH3015H2R2MT,
"R1, R2",0402,2,5.1K 0402,
"R101, R102, R103, R104, R105, R106, R107, R108, R13, R14, R15, R16, R4, R5",0402,14,10K 0402,
R6,0402,1,100ohm 0402,
"SW1, SW2, SW3, SW4",SW_Cherry_MX_1.00u_PCB,4,SW_Push,
U0,Texas_RGE0024C_EP2.1x2.1mm,1,TCA9548ARGER,
U1,Sensirion_SCD4x-1EP_10.1x10.1mm_P1.25mm_EP4.8x4.8mm,1,SCD41-D-R2,
U2,DFN-6-1EP_3x3mm_P1mm_EP1.5x2.4mm,1,Si7021-A20,
U4,SOIC-8W_5.3x5.3mm_P1.27mm,1,ATtiny85-20S,
U5,Texas_DRC0010J_ThermalVias,1,TPS63001DRCR,
